last_name,first_name,nationality,email,university,degree,field_of_study,current_year,length_of_program,crowdfundig_goal_usd,total_annual_cost_of_attendance,time_frame,link_or_attachment_of_photos,link_of_video,cause,name_sponsor,job,email_sponsor,quote,answer1,answer2,univesity_bank_account,method_of_payment,pay_of_the_order_of,name_check,adress_check,zipcode_check,state_check,city_check,students_university_id_reference,answer3,p1,p2,p3,p4,p5,p6,p7,p8,p9,p10,name_of_university,email_of_confirmation,name_of_bank,bank_account,abbarouting,swift
Tovar,Gilberto,Danish,gtovar@gmail.com,University of Cambridge,Bachelor of Applied Mathematics,Mathematics,1,4,3000,10000,60,/uploads/student_application/p1/1/foto_profesor.jpg,http://youtu.be/sR_s8pjz8Ko,"Lorem ipsum dolor sit amet, consectetur adipiscing elit.",Charlotte Lauren,B.A.M,laurec@gmail.com,Quisque a urna sit amet odio interdum malesuada.,"Lorem ipsum dolor sit amet, consectetur adipiscing elit. Phasellus eget dui velit, sed scelerisque elit. Etiam viverra imperdiet magna id accumsan. Curabitur blandit molestie eleifend. Aenean sed velit sem, sed blandit velit.","Suspendisse ultrices, orci non rutrum sollicitudin, nibh neque eleifend lectus, ac commodo felis ipsum eget ante. Mauris turpis sapien, tincidunt eget semper eu, luctus et justo. Nunc laoreet, justo vel tempor bibendum, nibh velit tempor urna, ut dignissim neque lacus quis erat. Duis eu elit nec nulla scelerisque hendrerit cursus et dui.",1234657,1,University of Cambridge,,"Avenida Ignacio Morones Prieto 450 Poniente San Pedro Garza Garcia, Monterrey, Nuevo León",64160,Alabama,Montgomery,123246789,TRUE,/uploads/student_application/p1/1/foto_profesor.jpg,/uploads/student_application/p1/1/foto_profesor.jpg,/uploads/student_application/p1/1/foto_profesor.jpg,/uploads/student_application/p1/1/foto_profesor.jpg,/uploads/student_application/p1/1/foto_profesor.jpg,/uploads/student_application/p1/1/foto_profesor.jpg,/uploads/student_application/p1/1/foto_profesor.jpg,/uploads/student_application/p1/1/foto_profesor.jpg,/uploads/student_application/p1/1/foto_profesor.jpg,/uploads/student_application/p1/1/foto_profesor.jpg,University of Cambridge,gtovar@gmail.com,Bank of America,123246789,236075689,ACVLMXMMXXX
Lara,Roberto,Briths,rlara@gmail.com,University of Hardvard,Bachelor of Marine Science,Science,5,4.5,2500,9874,90,/uploads/student_application/p1/1/foto_profesor.jpg,http://youtu.be/sR_s8pjz8Ko,Vivamus non turpis nec nulla aliquet eleifend id at lacus.,James Danna,B.M.S,jamesd@hotmail.com,Curabitur hendrerit libero luctus arcu molestie ut auctor nisl sollicitudin.,"Nam lobortis, ligula in hendrerit gravida, sapien tortor blandit nunc, quis sollicitudin nisi augue sit amet enim. Proin vulputate nibh ac quam rutrum blandit. Morbi eu lectus eros, ac convallis justo.","Vestibulum nec nibh id arcu semper iaculis. Etiam id felis enim, vehicula accumsan elit. Donec non urna vel nulla volutpat vulputate nec et tortor. Donec varius dapibus dui ut imperdiet. ",9879841,2,University of Hardvard,,"Avenida Eugenio Gaza Sada No. 2501 Sur Monterrey, Nuevo León",12357,Alaska,Juneau,234567891,TRUE,/uploads/student_application/p1/1/foto_profesor.jpg,/uploads/student_application/p1/1/foto_profesor.jpg,/uploads/student_application/p1/1/foto_profesor.jpg,/uploads/student_application/p1/1/foto_profesor.jpg,/uploads/student_application/p1/1/foto_profesor.jpg,/uploads/student_application/p1/1/foto_profesor.jpg,/uploads/student_application/p1/1/foto_profesor.jpg,/uploads/student_application/p1/1/foto_profesor.jpg,/uploads/student_application/p1/1/foto_profesor.jpg,/uploads/student_application/p1/1/foto_profesor.jpg,University of Hardvard,rlara@gmail.com,Wells Fargo Bank,234567891,123548798,AFIRMXMTXXX
Benavides,Nidia,Norwegian,nbenavides@gmail.com,University of Princeton,Master of Social Work,Social Studies,9,3,5025,11000,120,/uploads/student_application/p1/1/foto_profesor.jpg,http://youtu.be/sR_s8pjz8Ko,Mauris elementum eros eu sem bibendum vel adipiscing ipsum sodales.,Jacob Holmes,M.S.W,jacobholrmes@hotmail.com,Nulla mattis nisi at enim pretium quis dapibus purus pellentesque.,"Pellentesque non augue dolor. Aliquam eget eleifend nulla. Donec eget ullamcorper risus. Quisque rutrum enim nec ligula aliquet consequat. Aenean consectetur congue lectus sed consequat. Proin in tortor lectus, ut suscipit velit. Sed semper rhoncus interdum. "," Morbi imperdiet arcu ac odio placerat consequat. Morbi luctus aliquet ligula, vel accumsan tortor elementum eu. Duis faucibus magna in justo eleifend sit amet ornare ligula dictum. ",3654987,1,University of Princeton,,"Ignacio Morones Prieto 3000 Poniente,, Colonia Doctores
Monterrey, Nuevo León",61487,Arizona,Phoenix,345678912,TRUE,/uploads/student_application/p1/1/foto_profesor.jpg,/uploads/student_application/p1/1/foto_profesor.jpg,/uploads/student_application/p1/1/foto_profesor.jpg,/uploads/student_application/p1/1/foto_profesor.jpg,/uploads/student_application/p1/1/foto_profesor.jpg,/uploads/student_application/p1/1/foto_profesor.jpg,/uploads/student_application/p1/1/foto_profesor.jpg,/uploads/student_application/p1/1/foto_profesor.jpg,/uploads/student_application/p1/1/foto_profesor.jpg,/uploads/student_application/p1/1/foto_profesor.jpg,University of Princeton,nbenavides@gmail.com,JPMORGAN Chase Bank,345678912,236075689,AZTKMXMMXXX
Ochoa,Daniel,Austrian,dochoa@gmail.com,University of Stanford,Bachelor of Sacred Theology,Theoly and Philosophy,7,4,4000,12000,180,/uploads/student_application/p1/1/foto_profesor.jpg,http://youtu.be/sR_s8pjz8Ko,"Nulla eleifend sagittis mi, non ornare felis adipiscing eget.",Liam Scott,B.S.T.,liamscoot@gmail.com,"Morbi in justo sem, ut congue sapien.","Sed in ligula quis arcu convallis tincidunt. Vivamus leo augue, mattis id volutpat sit amet, vulputate vitae velit. Aenean erat tellus, eleifend nec laoreet non, gravida a dolor. Nunc faucibus, velit vitae cursus pharetra, nisl massa pharetra eros, non iaculis mi odio ac orci. Vestibulum suscipit consequat sem. Vivamus at turpis tincidunt justo ultricies sollicitudin. Fusce augue libero, semper non iaculis in, viverra sed ligula. ","Phasellus facilisis nisi non ante feugiat vitae sollicitudin purus egestas. Phasellus sit amet magna ligula, nec placerat turpis. Phasellus aliquam tempor nulla, vel malesuada eros aliquet a. ",3216578,2,University of Stanford,,"Rayón 480 Centro, Monterrey, Nuevo León",64160,India,Indianapolis,456789123,TRUE,/uploads/student_application/p1/1/foto_profesor.jpg,/uploads/student_application/p1/1/foto_profesor.jpg,/uploads/student_application/p1/1/foto_profesor.jpg,/uploads/student_application/p1/1/foto_profesor.jpg,/uploads/student_application/p1/1/foto_profesor.jpg,/uploads/student_application/p1/1/foto_profesor.jpg,/uploads/student_application/p1/1/foto_profesor.jpg,/uploads/student_application/p1/1/foto_profesor.jpg,/uploads/student_application/p1/1/foto_profesor.jpg,/uploads/student_application/p1/1/foto_profesor.jpg,University of Stanford,dochoa@gmail.com,Citibank,456789123,123548798,CSFBMXMMXXX
Esparza,Alejandro,Belgian,aesparza@gmail.com,University of Stanford,Bachelor of Chemical Engineering,Biology,5,4.5,3698,13000,60,/uploads/student_application/p1/1/foto_profesor.jpg,http://youtu.be/sR_s8pjz8Ko,Aenean ullamcorper dolor sit amet massa aliquet pellentesque.,Jack Wells,B.Ch.E.,jackwells@hotmail.com,Nam bibendum erat vitae massa semper mattis.,"Curabitur id enim enim, non vehicula tortor. Quisque convallis augue nec tortor porttitor sed adipiscing nisl gravida. Quisque interdum malesuada arcu quis congue. Maecenas hendrerit, nulla eget feugiat porttitor, ligula elit facilisis risus, et malesuada dolor nisi vitae est. ","Praesent nec ipsum risus. Nullam vel turpis id arcu fermentum gravida sed eu libero. Morbi imperdiet feugiat dapibus. Cras non diam magna, quis vestibulum dolor. Suspendisse accumsan consectetur urna, sed elementum erat molestie vel. ",6988744,1,University of Stanford,,"Ciudad Universitaria Sn Ciudad Universitaria, San Nicolás de Los Garza, Nuevo León",12357,Iowa,Des Moines,567891234,TRUE,/uploads/student_application/p1/1/foto_profesor.jpg,/uploads/student_application/p1/1/foto_profesor.jpg,/uploads/student_application/p1/1/foto_profesor.jpg,/uploads/student_application/p1/1/foto_profesor.jpg,/uploads/student_application/p1/1/foto_profesor.jpg,/uploads/student_application/p1/1/foto_profesor.jpg,/uploads/student_application/p1/1/foto_profesor.jpg,/uploads/student_application/p1/1/foto_profesor.jpg,/uploads/student_application/p1/1/foto_profesor.jpg,/uploads/student_application/p1/1/foto_profesor.jpg,University of Stanford,aesparza@gmail.com,PNC Bank,567891234,678912345,BDEMMXMMXXX
Salazar,Viviana,French,vsalazar@gmail.com,Univesity of Yale,Chemical Engineer,Chemistry,3,3,1548,25000,90,/uploads/student_application/p1/1/foto_profesor.jpg,http://youtu.be/sR_s8pjz8Ko,Quisque pretium nibh at ligula lacinia lobortis.,Caleb Stewart,C.E.,calebstewart@gmail.com,Mauris elementum eros eu sem bibendum vel adipiscing ipsum sodales.,"Suspendisse ultrices, orci non rutrum sollicitudin, nibh neque eleifend lectus, ac commodo felis ipsum eget ante. Mauris turpis sapien, tincidunt eget semper eu, luctus et justo. Nunc laoreet, justo vel tempor bibendum, nibh velit tempor urna, ut dignissim neque lacus quis erat. Duis eu elit nec nulla scelerisque hendrerit cursus et dui.","Vestibulum nec nibh id arcu semper iaculis. Etiam id felis enim, vehicula accumsan elit. Donec non urna vel nulla volutpat vulputate nec et tortor. Donec varius dapibus dui ut imperdiet. Morbi imperdiet arcu ac odio placerat consequat. Morbi luctus aliquet ligula, vel accumsan tortor elementum eu. Duis faucibus magna in justo eleifend sit amet ornare ligula dictum. ",2569874,2,Univesity of Yale,,"Hidalgo 768 Poniente Centro, Monterrey, Nuevo León",61487,Kansas,Topeka,678912345,TRUE,/uploads/student_application/p1/1/foto_profesor.jpg,/uploads/student_application/p1/1/foto_profesor.jpg,/uploads/student_application/p1/1/foto_profesor.jpg,/uploads/student_application/p1/1/foto_profesor.jpg,/uploads/student_application/p1/1/foto_profesor.jpg,/uploads/student_application/p1/1/foto_profesor.jpg,/uploads/student_application/p1/1/foto_profesor.jpg,/uploads/student_application/p1/1/foto_profesor.jpg,/uploads/student_application/p1/1/foto_profesor.jpg,/uploads/student_application/p1/1/foto_profesor.jpg,Univesity of Yale,vsalazar@gmail.com,U.S. Bank,678912345,789123456,SEFIMXMMXXX
Zepeda,Sonia,German,szepada@hotmail.com,University of Cambridge,Bachelor of Business Administration,Accounting,4,4,4587,15000,120,/uploads/student_application/p1/1/foto_profesor.jpg,http://youtu.be/sR_s8pjz8Ko,Sed non purus nec nisi mattis lobortis a id leo.,Inara Brian,B.B.A,inarabrian@hotmail.com,Mauris elementum eros eu sem bibendum vel adipiscing ipsum sodales.,"Vestibulum nec nibh id arcu semper iaculis. Etiam id felis enim, vehicula accumsan elit. Donec non urna vel nulla volutpat vulputate nec et tortor. Donec varius dapibus dui ut imperdiet. ","Sed in ligula quis arcu convallis tincidunt. Vivamus leo augue, mattis id volutpat sit amet, vulputate vitae velit. Aenean erat tellus, eleifend nec laoreet non, gravida a dolor. Nunc faucibus, velit vitae cursus pharetra, nisl massa pharetra eros, non iaculis mi odio ac orci. Vestibulum suscipit consequat sem. Vivamus at turpis tincidunt justo ultricies sollicitudin. Fusce augue libero, semper non iaculis in, viverra sed ligula. ",3246598,1,University of Cambridge,,"Avenida Ignacio Morones Prieto 450 Poniente San Pedro Garza Garcia, Monterrey, Nuevo León",64152,Nebrask,Lincoln,789123456,TRUE,/uploads/student_application/p1/1/foto_profesor.jpg,/uploads/student_application/p1/1/foto_profesor.jpg,/uploads/student_application/p1/1/foto_profesor.jpg,/uploads/student_application/p1/1/foto_profesor.jpg,/uploads/student_application/p1/1/foto_profesor.jpg,/uploads/student_application/p1/1/foto_profesor.jpg,/uploads/student_application/p1/1/foto_profesor.jpg,/uploads/student_application/p1/1/foto_profesor.jpg,/uploads/student_application/p1/1/foto_profesor.jpg,/uploads/student_application/p1/1/foto_profesor.jpg,University of Cambridge,szepada@hotmail.com,SunTrust Bank,789123456,891234567,BJIOMXMLXXX
Andrade,Carlos,Dutch,candrade@hotmail.com,University of Hardvard,Bachelor of Business Administration,Economics,6,4.5,6987,14000,180,/uploads/student_application/p1/1/foto_profesor.jpg,http://youtu.be/sR_s8pjz8Ko,"Nam tempor dictum augue, vitae lacinia tellus dictum sed.",Anne Hathaway,B.B.A,aneh@gmail.com,"Nulla eleifend sagittis mi, non ornare felis adipiscing eget."," Morbi imperdiet arcu ac odio placerat consequat. Morbi luctus aliquet ligula, vel accumsan tortor elementum eu. Duis faucibus magna in justo eleifend sit amet ornare ligula dictum. ","Lorem ipsum dolor sit amet, consectetur adipiscing elit. Phasellus eget dui velit, sed scelerisque elit. Etiam viverra imperdiet magna id accumsan. Curabitur blandit molestie eleifend. Aenean sed velit sem, sed blandit velit.",4657985,1,University of Hardvard,,"Avenida Eugenio Gaza Sada No. 2501 Sur Monterrey, Nuevo León",65488,Nevada,Carson City,891234567,TRUE,/uploads/student_application/p1/1/foto_profesor.jpg,/uploads/student_application/p1/1/foto_profesor.jpg,/uploads/student_application/p1/1/foto_profesor.jpg,/uploads/student_application/p1/1/foto_profesor.jpg,/uploads/student_application/p1/1/foto_profesor.jpg,/uploads/student_application/p1/1/foto_profesor.jpg,/uploads/student_application/p1/1/foto_profesor.jpg,/uploads/student_application/p1/1/foto_profesor.jpg,/uploads/student_application/p1/1/foto_profesor.jpg,/uploads/student_application/p1/1/foto_profesor.jpg,University of Hardvard,candrade@hotmail.com,Branch Banking and Trust Company,891234567,123246789,INBUMXMMXXX
Villareal,Alicia,Portuguese,avillareal@hotmail.com,University of Princeton,Industrial Engineer,General Management,8,3,4587,10000,60,/uploads/student_application/p1/1/foto_profesor.jpg,http://youtu.be/sR_s8pjz8Ko,Vivamus consectetur neque egestas arcu pretium commodo.,Rob Schneider,I.E.,robs@hotmail.com,Aenean ullamcorper dolor sit amet massa aliquet pellentesque.,"Phasellus facilisis nisi non ante feugiat vitae sollicitudin purus egestas. Phasellus sit amet magna ligula, nec placerat turpis. Phasellus aliquam tempor nulla, vel malesuada eros aliquet a. ","Nam lobortis, ligula in hendrerit gravida, sapien tortor blandit nunc, quis sollicitudin nisi augue sit amet enim. Proin vulputate nibh ac quam rutrum blandit. Morbi eu lectus eros, ac convallis justo.",5698712,1,University of Princeton,,"Ignacio Morones Prieto 3000 Poniente,, Colonia Doctores
Monterrey, Nuevo León",64878,New Jersey,Treton,123246789,TRUE,/uploads/student_application/p1/1/foto_profesor.jpg,/uploads/student_application/p1/1/foto_profesor.jpg,/uploads/student_application/p1/1/foto_profesor.jpg,/uploads/student_application/p1/1/foto_profesor.jpg,/uploads/student_application/p1/1/foto_profesor.jpg,/uploads/student_application/p1/1/foto_profesor.jpg,/uploads/student_application/p1/1/foto_profesor.jpg,/uploads/student_application/p1/1/foto_profesor.jpg,/uploads/student_application/p1/1/foto_profesor.jpg,/uploads/student_application/p1/1/foto_profesor.jpg,University of Princeton,avillareal@hotmail.com,Regions Bank,123246789,234567891,BITEMXMMXXX
Cantu,Jorge,Spanish,jcantu@hotmail.com,University of Stanford,Master of Computer Science,Information Systems,2,4,3214,9874,90,/uploads/student_application/p1/1/foto_profesor.jpg,http://youtu.be/sR_s8pjz8Ko,Quisque a urna sit amet odio interdum malesuada.,Marshall Allman,M.C.S.,marshallallam@gmail.com,Quisque pretium nibh at ligula lacinia lobortis.,"Praesent nec ipsum risus. Nullam vel turpis id arcu fermentum gravida sed eu libero. Morbi imperdiet feugiat dapibus. Cras non diam magna, quis vestibulum dolor. Suspendisse accumsan consectetur urna, sed elementum erat molestie vel. ","Pellentesque non augue dolor. Aliquam eget eleifend nulla. Donec eget ullamcorper risus. Quisque rutrum enim nec ligula aliquet consequat. Aenean consectetur congue lectus sed consequat. Proin in tortor lectus, ut suscipit velit. Sed semper rhoncus interdum. ",6569898,1,University of Stanford,,"Rayón 480 Centro, Monterrey, Nuevo León",61487,South Carolina,Columbia,234567891,TRUE,/uploads/student_application/p1/1/foto_profesor.jpg,/uploads/student_application/p1/1/foto_profesor.jpg,/uploads/student_application/p1/1/foto_profesor.jpg,/uploads/student_application/p1/1/foto_profesor.jpg,/uploads/student_application/p1/1/foto_profesor.jpg,/uploads/student_application/p1/1/foto_profesor.jpg,/uploads/student_application/p1/1/foto_profesor.jpg,/uploads/student_application/p1/1/foto_profesor.jpg,/uploads/student_application/p1/1/foto_profesor.jpg,/uploads/student_application/p1/1/foto_profesor.jpg,University of Stanford,jcantu@hotmail.com,HSBC Bank USA,234567891,345678912,ACVLMXMMXXX
Posadas,Hector,Mexican,hposadas@hotmail.com,University of Stanford,Education Specialist,Marketing,8,4.5,3000,11000,120,/uploads/student_application/p1/1/foto_profesor.jpg,http://youtu.be/sR_s8pjz8Ko,Curabitur hendrerit libero luctus arcu molestie ut auctor nisl sollicitudin.,Jake Owen,E.S.,jakeowen@gmail.com,Quisque a urna sit amet odio interdum malesuada.,"Vestibulum nec nibh id arcu semper iaculis. Etiam id felis enim, vehicula accumsan elit. Donec non urna vel nulla volutpat vulputate nec et tortor. Donec varius dapibus dui ut imperdiet. Morbi imperdiet arcu ac odio placerat consequat. Morbi luctus aliquet ligula, vel accumsan tortor elementum eu. Duis faucibus magna in justo eleifend sit amet ornare ligula dictum. ","Sed in ligula quis arcu convallis tincidunt. Vivamus leo augue, mattis id volutpat sit amet, vulputate vitae velit. Aenean erat tellus, eleifend nec laoreet non, gravida a dolor. Nunc faucibus, velit vitae cursus pharetra, nisl massa pharetra eros, non iaculis mi odio ac orci. Vestibulum suscipit consequat sem. Vivamus at turpis tincidunt justo ultricies sollicitudin. Fusce augue libero, semper non iaculis in, viverra sed ligula. ",7896541,2,University of Stanford,,"Ciudad Universitaria Sn Ciudad Universitaria, San Nicolás de Los Garza, Nuevo León",64160,South Dakota,Pierre,345678912,TRUE,/uploads/student_application/p1/1/foto_profesor.jpg,/uploads/student_application/p1/1/foto_profesor.jpg,/uploads/student_application/p1/1/foto_profesor.jpg,/uploads/student_application/p1/1/foto_profesor.jpg,/uploads/student_application/p1/1/foto_profesor.jpg,/uploads/student_application/p1/1/foto_profesor.jpg,/uploads/student_application/p1/1/foto_profesor.jpg,/uploads/student_application/p1/1/foto_profesor.jpg,/uploads/student_application/p1/1/foto_profesor.jpg,/uploads/student_application/p1/1/foto_profesor.jpg,University of Stanford,hposadas@hotmail.com,Capital One,345678912,456789123,AFIRMXMTXXX
Luna,Tanya,Serbian,tluna@gmail.com,Univesity of Yale,Doctor of Humane Letterser,History,4,3,2500,12000,180,/uploads/student_application/p1/1/foto_profesor.jpg,http://youtu.be/sR_s8pjz8Ko,Nulla mattis nisi at enim pretium quis dapibus purus pellentesque.,Beyonce Giselle,D.H.L.,beyonseg@gmail.com,Curabitur hendrerit libero luctus arcu molestie ut auctor nisl sollicitudin.,"Sed in ligula quis arcu convallis tincidunt. Vivamus leo augue, mattis id volutpat sit amet, vulputate vitae velit. Aenean erat tellus, eleifend nec laoreet non, gravida a dolor. Nunc faucibus, velit vitae cursus pharetra, nisl massa pharetra eros, non iaculis mi odio ac orci. Vestibulum suscipit consequat sem. Vivamus at turpis tincidunt justo ultricies sollicitudin. Fusce augue libero, semper non iaculis in, viverra sed ligula. ","Curabitur id enim enim, non vehicula tortor. Quisque convallis augue nec tortor porttitor sed adipiscing nisl gravida. Quisque interdum malesuada arcu quis congue. Maecenas hendrerit, nulla eget feugiat porttitor, ligula elit facilisis risus, et malesuada dolor nisi vitae est. ",8965472,2,Univesity of Yale,,"Hidalgo 768 Poniente Centro, Monterrey, Nuevo León",12357,Tennessee,Nashville,456789123,TRUE,/uploads/student_application/p1/1/foto_profesor.jpg,/uploads/student_application/p1/1/foto_profesor.jpg,/uploads/student_application/p1/1/foto_profesor.jpg,/uploads/student_application/p1/1/foto_profesor.jpg,/uploads/student_application/p1/1/foto_profesor.jpg,/uploads/student_application/p1/1/foto_profesor.jpg,/uploads/student_application/p1/1/foto_profesor.jpg,/uploads/student_application/p1/1/foto_profesor.jpg,/uploads/student_application/p1/1/foto_profesor.jpg,/uploads/student_application/p1/1/foto_profesor.jpg,Univesity of Yale,tluna@gmail.com,Fifth Third Bank,456789123,567891234,AZTKMXMMXXX
Alanis,Saida,Russian,salanis@hotmail.com,University of Cambridge,Master of Music,Music,6,3,5025,13000,50,/uploads/student_application/p1/1/foto_profesor.jpg,http://youtu.be/sR_s8pjz8Ko,"Morbi in justo sem, ut congue sapien.",Ashley Ward,M.M,ashleyward@hotmail.com,Nulla mattis nisi at enim pretium quis dapibus purus pellentesque.,"Curabitur id enim enim, non vehicula tortor. Quisque convallis augue nec tortor porttitor sed adipiscing nisl gravida. Quisque interdum malesuada arcu quis congue. Maecenas hendrerit, nulla eget feugiat porttitor, ligula elit facilisis risus, et malesuada dolor nisi vitae est. ","Praesent nec ipsum risus. Nullam vel turpis id arcu fermentum gravida sed eu libero. Morbi imperdiet feugiat dapibus. Cras non diam magna, quis vestibulum dolor. Suspendisse accumsan consectetur urna, sed elementum erat molestie vel. ",9782441,2,University of Cambridge,,"Avenida Ignacio Morones Prieto 450 Poniente San Pedro Garza Garcia, Monterrey, Nuevo León",61487,Texas,Austin,567891234,TRUE,/uploads/student_application/p1/1/foto_profesor.jpg,/uploads/student_application/p1/1/foto_profesor.jpg,/uploads/student_application/p1/1/foto_profesor.jpg,/uploads/student_application/p1/1/foto_profesor.jpg,/uploads/student_application/p1/1/foto_profesor.jpg,/uploads/student_application/p1/1/foto_profesor.jpg,/uploads/student_application/p1/1/foto_profesor.jpg,/uploads/student_application/p1/1/foto_profesor.jpg,/uploads/student_application/p1/1/foto_profesor.jpg,/uploads/student_application/p1/1/foto_profesor.jpg,University of Cambridge,salanis@hotmail.com,ING Bank,567891234,678912345,CSFBMXMMXXX
Bazaldua,Blanca,Canadian,bbazaldua@hotmail.com,University of Hardvard,Master of Fine Arts,Theatre,3,4,4000,25000,40,/uploads/student_application/p1/1/foto_profesor.jpg,http://youtu.be/sR_s8pjz8Ko,Nam bibendum erat vitae massa semper mattis.,Jennifer Linn,M.F.A.,jennifierlinn@hotmail.com,"Morbi in justo sem, ut congue sapien.","Suspendisse ultrices, orci non rutrum sollicitudin, nibh neque eleifend lectus, ac commodo felis ipsum eget ante. Mauris turpis sapien, tincidunt eget semper eu, luctus et justo. Nunc laoreet, justo vel tempor bibendum, nibh velit tempor urna, ut dignissim neque lacus quis erat. Duis eu elit nec nulla scelerisque hendrerit cursus et dui.","Vestibulum nec nibh id arcu semper iaculis. Etiam id felis enim, vehicula accumsan elit. Donec non urna vel nulla volutpat vulputate nec et tortor. Donec varius dapibus dui ut imperdiet. Morbi imperdiet arcu ac odio placerat consequat. Morbi luctus aliquet ligula, vel accumsan tortor elementum eu. Duis faucibus magna in justo eleifend sit amet ornare ligula dictum. ",1236548,2,University of Hardvard,,"Avenida Eugenio Gaza Sada No. 2501 Sur Monterrey, Nuevo León",64152,Utah,Salt Lake City,678912345,FALSE,/uploads/student_application/p1/1/foto_profesor.jpg,/uploads/student_application/p1/1/foto_profesor.jpg,/uploads/student_application/p1/1/foto_profesor.jpg,/uploads/student_application/p1/1/foto_profesor.jpg,/uploads/student_application/p1/1/foto_profesor.jpg,/uploads/student_application/p1/1/foto_profesor.jpg,/uploads/student_application/p1/1/foto_profesor.jpg,/uploads/student_application/p1/1/foto_profesor.jpg,/uploads/student_application/p1/1/foto_profesor.jpg,/uploads/student_application/p1/1/foto_profesor.jpg,University of Hardvard,bbazaldua@hotmail.com,Union Bank,678912345,789123456,BDEMMXMMXXX
Lerma,Monica,Cuban,mlerma@gmail.com,University of Princeton,Arts in Teaching,English,1,4.5,3698,15000,20,/uploads/student_application/p1/1/foto_profesor.jpg,http://youtu.be/sR_s8pjz8Ko,Mauris elementum eros eu sem bibendum vel adipiscing ipsum sodales.,Lucile Perske,A.T.,lucileperske@gmail.com,Quisque a urna sit amet odio interdum malesuada.,"Vestibulum nec nibh id arcu semper iaculis. Etiam id felis enim, vehicula accumsan elit. Donec non urna vel nulla volutpat vulputate nec et tortor. Donec varius dapibus dui ut imperdiet. ","Sed in ligula quis arcu convallis tincidunt. Vivamus leo augue, mattis id volutpat sit amet, vulputate vitae velit. Aenean erat tellus, eleifend nec laoreet non, gravida a dolor. Nunc faucibus, velit vitae cursus pharetra, nisl massa pharetra eros, non iaculis mi odio ac orci. Vestibulum suscipit consequat sem. Vivamus at turpis tincidunt justo ultricies sollicitudin. Fusce augue libero, semper non iaculis in, viverra sed ligula. ",2365494,2,University of Princeton,,"Ignacio Morones Prieto 3000 Poniente,, Colonia Doctores
Monterrey, Nuevo León",65488,Vermont,Montpelier,789123456,FALSE,/uploads/student_application/p1/1/foto_profesor.jpg,/uploads/student_application/p1/1/foto_profesor.jpg,/uploads/student_application/p1/1/foto_profesor.jpg,/uploads/student_application/p1/1/foto_profesor.jpg,/uploads/student_application/p1/1/foto_profesor.jpg,/uploads/student_application/p1/1/foto_profesor.jpg,/uploads/student_application/p1/1/foto_profesor.jpg,/uploads/student_application/p1/1/foto_profesor.jpg,/uploads/student_application/p1/1/foto_profesor.jpg,/uploads/student_application/p1/1/foto_profesor.jpg,University of Princeton,mlerma@gmail.com,The Bank of New York ,789123456,236075689,SEFIMXMMXXX
